{
  "model/models-dbg.js": 1752736049492,
  "controller/App.controller.js": 1752736049496,
  "controller/View1.controller.js": 1752736796348,
  "model/models.js": 1752736049492,
  "manifest.json": 1752736049492,
  "Component.js": 1752736049488,
  "controller/View1-dbg.controller.js": 1752736796348,
  "controller/View1.controller.js.map": 1752736979755,
  "controller/App-dbg.controller.js": 1752736049496,
  "controller/App.controller.js.map": 1752736979746,
  "i18n/i18n.properties": 1752736049492,
  "model/models.js.map": 1752736979747,
  "Component-dbg.js": 1752736049488,
  "Component.js.map": 1752736979747,
  "Component-preload.js": 1752736979836,
  "Component-preload.js.map": 1752736979836,
  "view/View1.view.xml": 1752736143284,
  "view/App.view.xml": 1752736049500,
  "css/style.css": 1752736049496,
  "index.html": 1752736049488
}