{
  "Component.js.map": 1765877094893,
  "controller/App.controller.js": 1753249847000,
  "controller/View1.controller.js": 1753249847000,
  "model/models.js": 1753249847000,
  "manifest.json": 1753249847000,
  "Component.js": 1753249847000,
  "controller/View1-dbg.controller.js": 1753249847000,
  "controller/View1.controller.js.map": 1765877094901,
  "controller/App-dbg.controller.js": 1753249847000,
  "controller/App.controller.js.map": 1765877094892,
  "model/models-dbg.js": 1753249847000,
  "model/models.js.map": 1765877094893,
  "Component-dbg.js": 1753249847000,
  "i18n/i18n.properties": 1753249847000,
  "Component-preload.js": 1765877095116,
  "Component-preload.js.map": 1765877095116,
  "view/View1.view.xml": 1753249847000,
  "view/App.view.xml": 1753249847000,
  "css/style.css": 1753249847000,
  "index.html": 1753249847000
}