{
  "Component-preload.js.map": 1758183795311,
  "controller/View1.controller.js": 1753249847851,
  "model/models.js": 1753249847851,
  "controller/App.controller.js": 1753249847851,
  "manifest.json": 1753249847851,
  "Component.js": 1753249847851,
  "controller/App-dbg.controller.js": 1753249847851,
  "controller/App.controller.js.map": 1758183795227,
  "model/models-dbg.js": 1753249847851,
  "model/models.js.map": 1758183795231,
  "controller/View1-dbg.controller.js": 1753249847851,
  "controller/View1.controller.js.map": 1758183795239,
  "Component-dbg.js": 1753249847851,
  "Component.js.map": 1758183795231,
  "Component-preload.js": 1758183795311,
  "i18n/i18n.properties": 1753249847851,
  "view/View1.view.xml": 1753249847851,
  "view/App.view.xml": 1753249847851,
  "css/style.css": 1753249847851,
  "index.html": 1753249847851
}